,city id,city,country,latitude,longitute,temperature(C),humidity(%),wind speed(mps),cloud(%),receive date
0,2074865,Carnarvon,AU,-24.8667,113.6333,18.63,52,7.07,0,22-07-2022 20:52:31
1,2377457,Nouadhibou,MR,20.931,-17.0347,25.99,83,3.6,7,22-07-2022 20:52:31
2,373303,Juba,SS,4.8517,31.5825,33.09,40,1.89,31,22-07-2022 20:52:32
3,3466980,Caravelas,BR,-17.7125,-39.2481,22.54,85,1.34,54,22-07-2022 20:52:33
4,3598462,Chiquimulilla,GT,14.0858,-90.3767,21.28,91,1.98,98,22-07-2022 20:52:34
5,4030556,Rikitea,PF,-23.1203,-134.9692,22.38,75,5.21,100,22-07-2022 20:52:34
6,1651810,Airai,TL,-8.9266,125.4092,13.0,80,0.97,68,22-07-2022 20:52:36
7,4020109,Atuona,PF,-9.8,-139.0333,24.82,75,6.29,0,22-07-2022 20:52:36
8,3652764,Puerto Ayora,EC,-0.7393,-90.3518,18.64,99,0.45,86,22-07-2022 20:52:37
9,1852357,Shimoda,JP,34.6667,138.95,26.72,82,6.71,3,22-07-2022 20:52:38
10,4513583,Hamilton,US,39.1834,-84.5333,21.07,90,0.45,0,22-07-2022 20:52:20
11,3500957,La Romana,DO,18.4273,-68.9728,25.33,89,3.75,83,22-07-2022 20:52:39
12,2282006,San-Pédro,CI,4.7485,-6.6363,26.96,60,3.11,94,22-07-2022 20:52:40
13,4726521,San Patricio,US,28.017,-97.5169,26.45,84,3.83,27,22-07-2022 20:52:40
14,1106677,Bambous Virieux,MU,-20.3428,57.7575,23.14,68,6.69,75,22-07-2022 20:52:41
15,3835869,Santiago del Estero,AR,-27.7951,-64.2615,14.48,76,3.67,0,22-07-2022 20:51:12
16,1623197,Tual,ID,-5.6667,132.75,25.76,73,7.01,91,22-07-2022 20:52:42
17,1626542,Sorong,ID,-0.8833,131.25,25.95,86,6.47,80,22-07-2022 20:52:43
18,1735106,George Town,MY,5.4112,100.3354,30.01,78,4.12,20,22-07-2022 20:49:33
19,3691954,Sechura,PE,-5.5569,-80.8222,16.02,88,3.44,5,22-07-2022 20:52:44
20,3985710,Cabo San Lucas,MX,22.8909,-109.9124,28.12,74,6.09,2,22-07-2022 20:52:45
21,3899539,Antofagasta,CL,-23.65,-70.4,13.6,88,1.5,89,22-07-2022 20:52:46
22,3573374,The Valley,AI,18.217,-63.0578,26.95,71,10.11,59,22-07-2022 20:52:46
23,3462601,Gandu,BR,-13.7439,-39.4867,20.17,91,1.45,59,22-07-2022 20:52:47
24,1831166,Kampong Chhnang,KH,12.1667,104.55,29.76,70,1.5,72,22-07-2022 20:52:48
25,6255012,Flinders,AU,-34.5833,150.8552,13.55,86,2.68,81,22-07-2022 20:52:49
26,5855927,Hilo,US,19.7297,-155.09,21.81,94,2.57,40,22-07-2022 20:52:49
27,3480908,La Asuncion,VE,11.0333,-63.8628,30.85,74,3.6,32,22-07-2022 20:52:50
28,1636426,Manggar,ID,-2.8833,108.2667,27.23,79,2.58,100,22-07-2022 20:52:51
29,1649150,Bengkulu,ID,-3.8004,102.2655,26.38,87,3.8,100,22-07-2022 20:52:52
30,1567681,Son La,VN,21.3167,103.9,23.97,94,2.19,30,22-07-2022 20:52:53
31,2454934,Kolondiéba,ML,11.0882,-6.8926,28.2,63,2.89,98,22-07-2022 20:52:53
32,3471451,Arraial do Cabo,BR,-22.9661,-42.0278,19.92,94,3.6,0,22-07-2022 20:52:54
33,2412408,Nioro,GM,13.35,-15.75,26.49,82,3.47,100,22-07-2022 20:52:55
34,64814,Bandarbeyla,SO,9.4942,50.8122,31.52,48,11.48,72,22-07-2022 20:52:56
35,5122534,Jamestown,US,42.097,-79.2353,19.59,88,3.6,100,22-07-2022 20:52:56
36,5367788,Lompoc,US,34.6391,-120.4579,12.26,98,2.57,100,22-07-2022 20:52:57
37,934479,Grand Gaube,MU,-20.0064,57.6608,23.54,65,5.36,60,22-07-2022 20:52:58
38,292968,Abu Dhabi,AE,24.4667,54.3667,45.01,25,2.06,0,22-07-2022 20:48:02
39,2065594,Mount Isa,AU,-20.7333,139.5,14.87,26,3.09,0,22-07-2022 20:52:59
40,3393536,Olinda,BR,-8.0089,-34.8553,21.85,94,5.14,75,22-07-2022 20:51:38
41,1282256,Hithadhoo,MV,-0.6,73.0833,24.59,84,1.43,100,22-07-2022 20:53:01
42,1264198,Maksi,IN,23.2667,76.15,24.42,87,4.82,100,22-07-2022 20:53:01
43,2264557,Ponta do Sol,PT,32.6667,-17.1,25.41,67,1.21,10,22-07-2022 20:53:02
44,1802618,Longhua,CN,23.6137,114.1919,31.22,61,1.25,3,22-07-2022 20:53:03
45,155848,Longido,TZ,-2.7333,36.6833,24.17,36,5.58,6,22-07-2022 20:53:04
46,110690,Faya,SA,18.3851,42.4509,28.29,33,2.39,48,22-07-2022 20:53:04
47,3347719,Luena,AO,-11.7833,19.9167,27.57,23,3.59,35,22-07-2022 20:53:05
48,3939761,Hualmay,PE,-11.0964,-77.6139,15.25,86,3.07,63,22-07-2022 20:53:06
49,1279181,Ajaigarh,IN,24.9,80.2667,31.52,59,1.12,100,22-07-2022 20:53:07
50,3883457,Lebu,CL,-37.6167,-73.65,11.73,97,3.99,100,22-07-2022 20:53:07
51,3892454,Diego de Almagro,CL,-26.3667,-70.05,11.6,61,0.98,44,22-07-2022 20:53:08
52,1168700,Ormara,PK,25.2088,64.6357,29.13,81,5.88,91,22-07-2022 20:53:09
53,5364022,La Palma,US,33.8464,-118.0467,18.05,90,1.54,100,22-07-2022 20:53:11
54,2075265,Busselton,AU,-33.65,115.3333,14.88,83,5.95,100,22-07-2022 20:53:11
55,3372707,Ribeira Grande,PT,38.5167,-28.7,23.22,94,1.03,75,22-07-2022 20:53:12
56,3356343,Karasburg,NA,-28.0167,18.75,23.93,17,4.83,0,22-07-2022 20:53:13
57,2082539,Merauke,ID,-8.4667,140.3333,24.68,83,5.11,68,22-07-2022 20:53:14
58,3529911,Cuitláhuac,MX,18.8167,-96.7167,20.69,88,1.94,15,22-07-2022 20:53:14
59,2318921,Wukari,NG,7.85,9.7833,27.2,72,3.43,99,22-07-2022 20:53:15
60,2112309,Katsuura,JP,35.1333,140.3,25.96,91,9.01,9,22-07-2022 20:52:39
61,2307795,Mongomo,GQ,1.6274,11.3135,24.82,71,1.4,93,22-07-2022 20:53:16
62,204283,Watsa,CD,3.0372,29.5355,30.54,34,2.0,36,22-07-2022 20:53:17
63,2079582,Alyangula,AU,-13.8483,136.4192,17.78,69,3.86,66,22-07-2022 20:53:18
64,2071860,Esperance,AU,-33.8667,121.9,13.62,68,3.5,35,22-07-2022 20:53:18
65,343300,Asmara,ER,15.3333,38.9333,22.95,42,3.75,35,22-07-2022 20:50:15
66,934322,Mahébourg,MU,-20.4081,57.7,23.16,68,6.69,75,22-07-2022 20:53:20
67,3465145,Crixás,BR,-14.5489,-49.9692,22.8,46,3.56,2,22-07-2022 20:53:20
68,2381972,Adrar,MR,20.5022,-10.0711,33.56,38,4.01,77,22-07-2022 20:53:21
69,2067119,Mandurah,AU,-32.55,115.7,14.95,74,6.55,94,22-07-2022 20:53:22
70,3576994,Cockburn Town,TC,21.4612,-71.1419,27.58,80,9.65,89,22-07-2022 20:48:43
71,1640972,Katobu,ID,-4.9408,122.5276,24.1,82,3.32,72,22-07-2022 20:53:23
72,1698289,Pundaguitan,PH,6.3711,126.1689,28.73,71,2.75,36,22-07-2022 20:53:24
73,215976,Ilebo,CD,-4.3167,20.5833,37.56,24,1.69,30,22-07-2022 20:53:25
74,223816,Djibouti,DJ,11.5,42.5,36.5,24,5.0,50,22-07-2022 20:50:13
75,2068110,Kununurra,AU,-15.7667,128.7333,20.99,49,2.06,3,22-07-2022 20:53:26
76,2077895,Alice Springs,AU,-23.7,133.8833,14.75,31,3.09,0,22-07-2022 20:53:27
77,3391889,Pitimbu,BR,-7.4706,-34.8086,22.33,82,5.57,100,22-07-2022 20:53:28
78,3641481,El Silencio,VE,10.5,-66.9167,18.47,88,1.03,40,22-07-2022 20:53:28
79,3471691,Araxá,BR,-19.5933,-46.9406,12.98,82,3.09,0,22-07-2022 20:51:14
80,286621,Salalah,OM,17.0151,54.0924,26.89,81,5.64,84,22-07-2022 20:53:30
81,3932145,Pisco,PE,-13.7,-76.2167,11.03,82,1.54,1,22-07-2022 20:53:31
82,2063036,Port Lincoln,AU,-34.7333,135.8667,12.29,62,2.68,100,22-07-2022 20:53:32
83,1222396,Kuah,MY,6.3265,99.8432,30.99,74,3.09,20,22-07-2022 20:53:32
84,933995,Souillac,MU,-20.5167,57.5167,23.21,68,6.69,75,22-07-2022 20:53:33
85,1252783,Yārāda,IN,17.65,83.2667,31.18,74,5.14,75,22-07-2022 20:53:34
86,2063042,Port Hedland,AU,-20.3167,118.5667,22.03,83,3.6,0,22-07-2022 20:53:34
87,3386533,Teixeira,BR,-7.2228,-37.2542,20.42,70,4.21,75,22-07-2022 20:53:35
88,2236568,Uíge,AO,-7.6087,15.0613,32.07,26,1.94,63,22-07-2022 20:53:36
89,1855342,Nishihara,JP,26.1842,127.7558,29.84,81,6.69,75,22-07-2022 20:53:37
90,3397763,Jacareacanga,BR,-6.2222,-57.7528,21.89,68,0.63,12,22-07-2022 20:53:37
91,4703384,Kingsville,US,27.5159,-97.8561,25.91,90,3.6,0,22-07-2022 20:53:38
92,4021858,Guerrero Negro,MX,27.9769,-114.0611,19.38,89,5.09,39,22-07-2022 20:53:39
93,3887127,Iquique,CL,-20.2208,-70.1431,15.02,77,1.48,36,22-07-2022 20:53:39
94,3922037,Caranavi,BO,-15.8167,-67.55,12.97,95,1.36,12,22-07-2022 20:53:40
95,1791464,Wenling,CN,28.3669,121.36,28.05,88,1.55,78,22-07-2022 20:53:41
96,1262497,Mundra,IN,22.85,69.7333,30.73,70,8.57,88,22-07-2022 20:53:42
97,3927420,Tinyahuarco,PE,-10.75,-76.3,-2.0,78,0.51,35,22-07-2022 20:53:42
98,3893629,Coquimbo,CL,-29.9533,-71.3436,11.85,87,3.09,100,22-07-2022 20:53:43
99,134721,Fasa,IR,28.9383,53.6482,38.58,17,4.12,20,22-07-2022 20:53:44
100,3402648,Carutapera,BR,-1.195,-46.02,25.58,85,2.4,41,22-07-2022 20:53:45
101,3837213,San Juan,AR,-31.5375,-68.5364,8.67,40,1.27,1,22-07-2022 20:53:46
102,5380437,Pacific Grove,US,36.6177,-121.9166,11.67,94,3.13,40,22-07-2022 20:53:46
103,3380290,Sinnamary,GF,5.3833,-52.95,25.33,88,2.99,74,22-07-2022 20:53:47
104,3936456,Lima,PE,-12.0432,-77.0282,14.14,82,2.57,100,22-07-2022 20:52:15
105,2084442,Vanimo,PG,-2.6741,141.3028,26.15,87,2.36,41,22-07-2022 20:53:48
106,3356832,Henties Bay,NA,-22.116,14.2845,22.73,45,3.76,0,22-07-2022 20:53:49
107,6301965,Howard Springs,AU,-12.497,131.047,21.13,60,2.18,99,22-07-2022 20:53:50
108,3374333,Praia,CV,14.9215,-23.5087,26.3,73,1.54,75,22-07-2022 20:53:51
109,1337607,Kudahuvadhoo,MV,2.6708,72.8944,27.95,71,7.4,100,22-07-2022 20:53:51
110,1263942,Manavālakurichi,IN,8.1333,77.3,28.25,73,9.26,64,22-07-2022 20:53:53
111,1819729,Hong Kong,HK,22.2855,114.1577,32.32,80,0.45,2,22-07-2022 20:53:53
112,155515,Mabama,TZ,-5.1333,32.5333,29.85,24,3.43,3,22-07-2022 20:53:54
113,2457161,Gao,ML,16.6362,1.637,35.25,31,6.09,54,22-07-2022 20:53:55
114,104515,Makkah al Mukarramah,SA,21.4267,39.8261,40.12,23,4.75,57,22-07-2022 20:49:17
115,1052373,Beira,MZ,-19.8436,34.8389,25.61,73,4.12,40,22-07-2022 20:49:11
116,1064275,Ihosy,MG,-22.4,46.1167,22.6,38,3.25,5,22-07-2022 20:53:56
117,60019,Eyl,SO,7.9803,49.8164,31.7,47,12.3,89,22-07-2022 20:53:57
118,1015776,Bredasdorp,ZA,-34.5322,20.0403,17.7,46,4.2,100,22-07-2022 20:53:58
119,1273098,Devgarh,IN,25.5333,73.9,29.73,58,5.29,99,22-07-2022 20:53:59
120,5110365,Broome,US,42.2506,-75.833,18.16,84,1.67,0,22-07-2022 20:53:59
121,293842,Kiryat Gat,IL,31.61,34.7642,33.23,35,6.64,0,22-07-2022 20:50:03
122,2070998,Geraldton,AU,-28.7667,114.6,13.23,82,2.06,99,22-07-2022 20:54:01
123,57000,Hobyo,SO,5.3505,48.5268,27.17,68,11.89,84,22-07-2022 20:54:01
124,100926,Umluj,SA,25.0213,37.2685,31.74,63,6.88,37,22-07-2022 20:54:02
125,3354077,Opuwo,NA,-18.0607,13.84,25.48,18,4.7,0,22-07-2022 20:54:03
126,3869716,Tocopilla,CL,-22.092,-70.1979,14.51,79,2.02,35,22-07-2022 20:54:03
127,3445026,Vila Velha,BR,-20.3297,-40.2925,19.41,95,1.54,75,22-07-2022 20:51:24
128,1106643,Quatre Cocos,MU,-20.2078,57.7625,23.38,72,6.9,49,22-07-2022 20:54:05
129,1268114,Kāndri,IN,21.4167,79.2667,29.76,84,2.92,100,22-07-2022 20:54:06
130,3359638,Walvis Bay,NA,-22.9575,14.5053,20.61,36,5.75,0,22-07-2022 20:54:06
131,3374083,Bathsheba,BB,13.2167,-59.5167,27.25,87,8.23,20,22-07-2022 20:54:07
132,3372783,Ponta Delgada,PT,37.7333,-25.6667,21.4,78,3.6,20,22-07-2022 20:54:08
133,1583992,Turan,VN,16.0678,108.2208,29.99,74,4.12,20,22-07-2022 20:54:08
134,3517970,Pochutla,MX,15.7432,-96.4661,24.34,90,1.61,89,22-07-2022 20:54:09
135,1855540,Naze,JP,28.3667,129.4833,26.51,85,3.51,41,22-07-2022 20:54:10
136,2062276,Roebourne,AU,-20.7833,117.1333,23.5,72,5.72,20,22-07-2022 20:54:11
137,2396518,Port-Gentil,GA,-0.7193,8.7815,26.98,69,6.69,75,22-07-2022 20:54:11
138,3430708,Mercedes,AR,-34.6515,-59.4307,4.33,94,3.09,0,22-07-2022 20:54:12
139,3702577,Portobelo,PA,9.55,-79.65,23.74,90,2.6,100,22-07-2022 20:54:13
140,1033356,Nampula,MZ,-15.1165,39.2666,24.97,53,3.6,75,22-07-2022 20:54:14
141,3645532,Ciudad Bolivar,VE,8.1222,-63.5497,24.13,93,3.45,100,22-07-2022 20:54:14
142,2514301,Mahon,ES,39.8885,4.2658,32.31,37,2.06,0,22-07-2022 20:50:21
143,1638368,Kaili,ID,-3.4626,120.2147,19.55,97,1.13,51,22-07-2022 20:54:16
144,3354071,Oranjemund,NA,-28.55,16.4333,16.12,68,5.93,7,22-07-2022 20:54:16
145,244878,Biltine,TD,14.5333,20.9167,33.02,42,4.12,44,22-07-2022 20:54:17
146,3692073,Santiago de Cao,PE,-7.9589,-79.2392,15.07,88,2.57,100,22-07-2022 20:54:18
147,6316343,Alta Floresta,BR,-9.8756,-56.0861,19.87,52,1.15,0,22-07-2022 20:54:19
148,3444201,Puerto Quijarro,BO,-17.7833,-57.7667,19.4,57,0.5,31,22-07-2022 20:54:20
149,1168749,Nushki,PK,29.5542,66.0215,40.91,14,4.46,95,22-07-2022 20:54:21
150,3587498,Acajutla,SV,13.5928,-89.8275,24.48,82,2.33,100,22-07-2022 20:54:21
151,1283285,Jumla,NP,29.2747,82.1838,20.34,85,1.63,100,22-07-2022 20:54:22
152,2293045,Alépé,CI,5.5004,-3.6631,26.93,66,2.06,96,22-07-2022 20:54:23
153,2434985,Bokoro,TD,12.3807,17.0568,31.61,50,2.06,90,22-07-2022 20:54:24
154,3572906,Andros Town,BS,24.7,-77.7667,26.98,75,6.38,59,22-07-2022 20:54:24
155,3381041,Mana,GF,5.6592,-53.7767,24.54,89,2.49,98,22-07-2022 20:54:25
156,1214488,Meulaboh,ID,4.1363,96.1285,28.83,72,4.45,60,22-07-2022 20:54:26
157,216281,Goma,CD,-1.6792,29.2228,24.91,43,2.72,85,22-07-2022 20:51:23
158,1591474,Bac Lieu,VN,9.285,105.7244,27.38,78,2.95,97,22-07-2022 20:54:27
159,1622318,Waingapu,ID,-9.6567,120.2641,23.67,72,4.07,100,22-07-2022 20:54:28
160,3379316,Lethem,GY,3.3803,-59.7968,23.48,91,3.13,36,22-07-2022 20:54:28
161,6690296,Saint-Joseph,RE,-21.3667,55.6167,24.37,65,5.35,10,22-07-2022 20:54:29
162,376332,Doka,SD,13.5167,35.7667,29.39,55,3.04,61,22-07-2022 20:54:30
163,1071296,Antalaha,MG,-14.9003,50.2788,24.07,64,5.06,21,22-07-2022 20:54:31
164,1271107,Godhra,IN,22.75,73.6333,30.02,65,3.98,100,22-07-2022 20:54:31
165,1272140,Dwārka,IN,22.2394,68.9678,28.98,80,9.29,87,22-07-2022 20:54:32
166,1580240,Hue,VN,16.4667,107.6,31.06,70,4.12,20,22-07-2022 20:49:54
167,895953,Zambezi,ZM,-13.5432,23.1047,28.25,24,4.65,49,22-07-2022 20:54:34
168,3583446,San Miguel,SV,13.4833,-88.1833,22.02,97,1.32,99,22-07-2022 20:54:35
169,3446098,Três Lagoas,BR,-20.7511,-51.6783,19.1,50,2.2,42,22-07-2022 20:54:36
170,1060283,Maroantsetra,MG,-15.4333,49.7333,23.05,74,5.6,39,22-07-2022 20:54:36
171,2253354,Dakar,SN,14.6937,-17.4441,28.07,89,3.09,75,22-07-2022 20:54:37
172,1819729,Hong Kong,HK,22.2855,114.1577,32.32,80,0.45,2,22-07-2022 20:54:38
173,290030,Doha,QA,25.2867,51.5333,38.57,56,4.12,0,22-07-2022 20:53:56
174,3395458,Maragogi,BR,-9.0122,-35.2225,23.6,86,3.72,97,22-07-2022 20:52:47
175,3622537,Parrita,CR,9.5201,-84.3225,23.88,93,4.16,100,22-07-2022 20:54:40
176,962367,Richards Bay,ZA,-28.783,32.0377,24.5,55,3.07,24,22-07-2022 20:54:40
177,1244926,Hambantota,LK,6.1241,81.1185,31.19,70,6.17,20,22-07-2022 20:54:41
178,1259385,Port Blair,IN,11.6667,92.75,27.02,89,2.06,100,22-07-2022 20:54:42
179,3567834,Baracoa,CU,20.3467,-74.4958,26.54,87,5.43,67,22-07-2022 20:54:43
180,1278149,Aurangabad,IN,19.8833,75.3333,26.05,83,1.03,75,22-07-2022 20:54:43
181,2171099,Codrington,AU,-38.2667,141.9667,12.88,67,5.84,100,22-07-2022 20:54:44
182,367544,Sawākin,SD,19.1059,37.3321,39.51,35,5.0,8,22-07-2022 20:54:45
183,3671450,Inírida,CO,3.8653,-67.9239,21.64,99,1.1,100,22-07-2022 20:54:45
184,3454061,Peruíbe,BR,-24.32,-46.9983,19.33,79,0.86,46,22-07-2022 20:54:47
185,2409914,Bonthe,SL,7.5264,-12.505,26.9,73,5.81,100,22-07-2022 20:54:47
186,3466165,Cidreira,BR,-30.1811,-50.2056,16.36,95,1.53,95,22-07-2022 20:54:48
187,4026082,Lázaro Cárdenas,MX,17.9583,-102.2,26.18,88,1.68,61,22-07-2022 20:54:49
188,1213855,Sibolga,ID,1.7427,98.7792,27.28,85,0.76,91,22-07-2022 20:54:50
189,1626703,Soe,ID,-9.8607,124.284,16.0,79,2.21,76,22-07-2022 20:54:50
190,2057087,Kupang,ID,-10.1667,123.5833,24.27,63,5.33,94,22-07-2022 20:54:52
191,3355672,Lüderitz,NA,-26.6481,15.1594,19.44,56,6.49,0,22-07-2022 20:54:52
192,1268610,Athmallik,IN,20.7219,84.5348,28.6,85,2.41,99,22-07-2022 20:54:53
193,361291,Hurghada,EG,27.2574,33.8129,34.3,36,10.67,2,22-07-2022 20:54:54
194,362973,Abnūb,EG,27.2696,31.1511,36.79,15,7.98,2,22-07-2022 20:54:54
195,3470137,Belmonte,BR,-15.8631,-38.8828,22.17,84,1.89,44,22-07-2022 20:54:55
196,3388456,São José da Coroa Grande,BR,-8.8978,-35.1478,23.69,85,4.02,97,22-07-2022 20:52:14
197,2396853,Omboué,GA,-1.5746,9.2618,25.49,68,4.88,91,22-07-2022 20:54:56
198,1235846,Matara,LK,5.9485,80.5353,27.8,77,6.96,97,22-07-2022 20:54:57
199,1637001,Luwuk,ID,-0.9516,122.7875,25.24,89,2.41,52,22-07-2022 20:54:58
200,3429732,Puerto Rico,AR,-26.796,-55.024,17.58,90,1.68,92,22-07-2022 20:54:58
201,6620339,Karratha,AU,-20.7377,116.8463,23.39,72,5.39,24,22-07-2022 20:54:59
202,2374583,Bubaque,GW,11.2833,-15.8333,26.1,84,10.25,100,22-07-2022 20:55:00
203,3361934,Saldanha,ZA,-33.0117,17.9442,16.03,70,2.61,100,22-07-2022 20:55:01
204,7671223,Kloulklubed,PW,7.0419,134.2556,28.62,72,3.0,22,22-07-2022 20:55:01
205,3521972,Panabá,MX,21.2833,-88.2667,23.38,96,2.61,89,22-07-2022 20:55:02
206,3394023,Natal,BR,-5.795,-35.2094,24.12,94,4.63,75,22-07-2022 20:55:03
207,3374210,São Filipe,CV,14.8961,-24.4956,24.0,80,2.6,87,22-07-2022 20:55:04
208,5962442,Goderich,CA,43.7501,-81.7165,16.18,94,1.03,0,22-07-2022 20:53:54
209,2101169,Aitape,PG,-3.1374,142.3475,26.45,85,1.67,58,22-07-2022 20:55:05
210,1636308,Manokwari,ID,-0.8667,134.0833,26.42,79,1.06,76,22-07-2022 20:55:06
211,6355222,Yulara,AU,-25.2406,130.9889,17.91,29,1.03,4,22-07-2022 20:55:06
212,3463124,Formosa do Rio Preto,BR,-11.0483,-45.1931,21.81,53,2.66,31,22-07-2022 20:55:08
213,1637001,Biak,ID,-0.9131,122.8766,24.67,86,2.62,61,22-07-2022 20:55:08
214,1732317,Abut,PH,17.3523,121.6036,27.45,82,1.69,2,22-07-2022 20:55:09
215,3347019,Mossamedes,AO,-15.1961,12.1522,23.22,58,3.65,8,22-07-2022 20:55:10
216,3522742,Nicolás Bravo,MX,18.45,-88.9167,22.51,99,0.6,53,22-07-2022 20:55:11
217,2219235,Ubari,LY,26.5921,12.7805,33.45,17,3.43,0,22-07-2022 20:55:12
218,3448257,São Sebastião,BR,-23.76,-45.4097,20.07,73,1.29,11,22-07-2022 20:51:55
219,3464343,Eldorado,BR,-23.7869,-54.2836,15.05,61,2.95,3,22-07-2022 20:55:13
220,1785781,Yulin,CN,22.6333,110.15,29.56,77,2.21,62,22-07-2022 20:55:14
221,355449,Esna,EG,25.2934,32.554,39.33,9,7.54,2,22-07-2022 20:55:14
222,1633419,Padang,ID,-0.9492,100.3543,29.03,83,0.43,100,22-07-2022 20:55:15
223,1152633,Krabi,TH,8.0726,98.9105,31.11,66,3.09,20,22-07-2022 20:55:16
224,3461733,Guiratinga,BR,-16.3494,-53.7583,19.36,51,1.77,65,22-07-2022 20:55:17
225,2449893,Tessalit,ML,20.1986,1.0114,36.5,24,3.31,6,22-07-2022 20:55:17
226,3533462,Acapulco de Juárez,MX,16.8634,-99.8901,25.67,88,1.45,88,22-07-2022 20:55:18
227,3472177,Angra dos Reis,BR,-23.0067,-44.3181,21.29,66,0.96,2,22-07-2022 20:53:42
228,1293625,Dawei,MM,14.0833,98.2,24.69,95,2.32,100,22-07-2022 20:55:20
229,3664980,Boa Vista,BR,2.8197,-60.6733,24.99,88,1.03,40,22-07-2022 20:54:12
230,5106841,Albany,US,42.6001,-73.9662,19.55,85,1.28,0,22-07-2022 20:51:40
231,3386213,Touros,BR,-5.1989,-35.4608,24.95,81,5.11,96,22-07-2022 20:55:21
232,1726449,Basco,PH,20.4487,121.9702,30.19,75,3.58,67,22-07-2022 20:55:22
233,3409644,Corrente,BR,-3.7367,-43.3394,25.76,67,1.65,64,22-07-2022 20:55:23
234,172515,Abu Samrah,SY,35.3029,37.1841,35.68,17,4.51,0,22-07-2022 20:55:23
235,1275762,Biaora,IN,23.8667,76.9167,24.45,93,3.76,100,22-07-2022 20:55:24
236,2980080,Saint-François,FR,46.4154,3.9054,29.69,37,2.06,0,22-07-2022 20:55:25
237,3976161,Adolfo López Mateos,MX,28.4667,-107.3,14.96,81,2.21,93,22-07-2022 20:55:26
238,3174050,Province of Mantua,IT,45.1667,10.7833,35.23,35,2.87,0,22-07-2022 20:55:26
239,3369157,Cape Town,ZA,-33.9258,18.4232,16.32,68,5.66,20,22-07-2022 20:54:00
240,338345,Edd,ER,13.9297,41.6925,36.53,42,5.99,8,22-07-2022 20:55:28
241,212730,Kisangani,CD,0.5167,25.2,27.41,68,0.83,100,22-07-2022 20:55:28
242,3374462,Mindelo,CV,16.8901,-24.9804,25.75,65,0.51,75,22-07-2022 20:55:29
243,3572462,Dunmore Town,BS,25.5,-76.65,28.2,75,6.84,72,22-07-2022 20:55:30
244,904422,Mumbwa,ZM,-14.9783,27.0619,25.54,27,3.59,5,22-07-2022 20:55:30
245,1174451,Keti Bandar,PK,24.1447,67.4497,30.34,76,7.78,96,22-07-2022 20:55:31
246,935215,Saint-Philippe,RE,-21.3585,55.7679,24.92,66,6.04,6,22-07-2022 20:55:32
247,72181,Marzuq,YE,14.4,46.4667,34.35,30,4.49,9,22-07-2022 20:55:33
248,1701054,Marawi,PH,7.9986,124.2928,21.29,96,0.73,100,22-07-2022 20:55:34
249,1252795,Yanam,IN,16.7333,82.2167,32.63,58,4.21,94,22-07-2022 20:55:35
250,3398428,Humberto de Campos,BR,-2.5983,-43.4611,26.15,75,1.59,17,22-07-2022 20:55:35
251,2643044,Margate,GB,51.3813,1.3862,20.29,68,1.79,100,22-07-2022 20:53:38
252,1263983,Mamit,IN,23.9333,92.4833,22.79,98,1.38,100,22-07-2022 20:55:37
253,3522526,Nuevo Progreso,MX,23.1667,-97.95,25.82,92,1.76,6,22-07-2022 20:55:37
254,1274553,Baghmara,IN,23.795,86.2085,30.98,65,4.83,99,22-07-2022 20:55:38
255,3407762,Amapá,BR,1.0,-52.0,22.57,96,0.41,31,22-07-2022 20:55:39
256,1267390,Kavaratti,IN,10.5669,72.642,27.33,80,9.12,100,22-07-2022 20:55:39
257,3921141,Charagua,BO,-19.8,-63.2167,13.86,88,1.48,1,22-07-2022 20:55:40
258,1150965,Ranong,TH,9.9658,98.6348,28.96,85,2.62,100,22-07-2022 20:55:41
259,3691582,Talara,PE,-4.5772,-81.2719,16.61,88,3.86,17,22-07-2022 20:55:42
260,2434910,Bongor,TD,10.2806,15.3722,28.5,66,2.58,100,22-07-2022 20:55:42
261,2171722,Charters Towers,AU,-20.1,146.2667,15.23,51,4.38,1,22-07-2022 20:55:43
262,1702944,Malayal,PH,7.208,121.942,27.89,85,1.88,63,22-07-2022 20:55:44
263,3576994,Cockburn Town,TC,21.4612,-71.1419,27.58,80,9.65,89,22-07-2022 20:55:44
264,8079926,Labuhan,ID,-6.8844,112.2051,27.18,74,2.07,68,22-07-2022 20:55:45
265,3992842,Petatlán,MX,17.5167,-101.2667,25.2,91,1.5,85,22-07-2022 20:55:46
266,3385935,Tucuruí,BR,-3.7661,-49.6725,23.56,65,1.24,29,22-07-2022 20:51:15
267,1685422,Sulangan,PH,11.1373,123.7228,29.23,73,2.9,98,22-07-2022 20:55:47
268,3361142,Springbok,ZA,-29.6643,17.8865,22.13,22,6.26,4,22-07-2022 20:55:48
269,1737714,Limbang,MY,4.75,115.0,30.03,86,1.22,51,22-07-2022 20:55:49
270,3653967,Muisne,EC,0.6,-80.0333,22.51,86,2.48,100,22-07-2022 20:55:49
271,290340,Manama,BH,26.2154,50.5832,36.99,63,4.12,0,22-07-2022 20:55:00
272,3381538,Grand-Santi,GF,4.25,-54.3833,23.16,98,0.86,92,22-07-2022 20:55:51
273,3515401,Chilchotla,MX,19.2548,-97.1844,10.86,84,1.12,20,22-07-2022 20:55:51
274,909887,Luangwa,ZM,-15.6167,30.4167,28.41,34,5.19,10,22-07-2022 20:55:52
275,3686255,Cimitarra,CO,6.3142,-73.9497,22.06,86,1.04,99,22-07-2022 20:55:54
276,1752256,Pantai Remis,MY,4.4557,100.6288,30.01,70,1.63,63,22-07-2022 20:55:54
277,1054329,Vangaindrano,MG,-23.35,47.6,22.76,64,2.52,41,22-07-2022 20:55:55
278,2377450,Nouakchott,MR,18.0858,-15.9785,29.96,82,3.07,74,22-07-2022 20:55:56
279,3981432,Todos Santos,MX,23.45,-110.2167,23.08,86,3.1,2,22-07-2022 20:55:57
280,3336897,La Rioja,ES,42.25,-2.5,21.88,49,4.24,92,22-07-2022 20:55:57
281,4013679,Coahuayana Viejo,MX,18.7333,-103.6833,25.29,91,1.2,82,22-07-2022 20:55:58
282,1273874,Kochi,IN,9.9399,76.2602,25.99,80,5.74,97,22-07-2022 20:55:59
283,4005492,Guadalupe,MX,25.6833,-100.25,25.12,79,1.13,1,22-07-2022 20:55:59
284,1273724,Dadri,IN,28.5667,77.55,29.12,53,1.86,100,22-07-2022 20:56:00
285,2212775,Sabha,LY,27.0377,14.4283,32.82,21,3.44,0,22-07-2022 20:56:01
286,1568574,Qui Nhon,VN,13.7667,109.2333,27.87,78,2.71,89,22-07-2022 20:56:02
287,3393692,Itarema,BR,-2.9248,-39.9167,26.78,69,5.65,83,22-07-2022 20:56:02
288,1269509,Jais,IN,26.25,81.5333,33.86,52,4.05,100,22-07-2022 20:56:03
289,4440397,Pascagoula,US,30.3658,-88.5561,22.89,99,2.72,31,22-07-2022 20:53:22
290,1337610,Thinadhoo,MV,0.5333,72.9333,25.91,80,1.46,100,22-07-2022 20:56:04
291,1253628,Ginda,IN,30.6945,78.4932,23.5,82,1.64,98,22-07-2022 20:56:05
292,3984997,San Quintín,MX,30.4833,-115.95,19.17,90,4.19,42,22-07-2022 20:56:06
293,2527087,Tiznit Province,MA,29.5833,-9.5,39.24,10,3.32,1,22-07-2022 20:56:07
294,237379,Ndélé,CF,8.4109,20.6473,24.23,79,1.78,100,22-07-2022 20:56:07
295,3396121,Luís Correia,BR,-2.8792,-41.6669,26.0,89,3.09,20,22-07-2022 20:56:08
296,364933,Umm Kaddadah,SD,13.6017,26.6876,32.12,34,3.07,49,22-07-2022 20:56:09
297,3981391,Tomatlán,MX,19.9333,-105.25,25.99,93,1.39,85,22-07-2022 20:56:10
298,1847947,Shingū,JP,33.7333,135.9833,25.17,78,2.8,0,22-07-2022 20:56:11
299,2293428,Adiaké,CI,5.2863,-3.304,25.89,66,2.29,100,22-07-2022 20:56:12
300,3628473,San Cristobal,VE,7.7669,-72.225,23.1,90,1.59,98,22-07-2022 20:56:13
301,2512186,Puerto del Rosario,ES,28.5004,-13.8627,24.86,73,6.69,0,22-07-2022 20:56:14
302,1261186,North Guwāhāti,IN,26.2014,91.7236,32.97,70,1.54,75,22-07-2022 20:56:14
303,415189,Aden,YE,12.7794,45.0367,29.75,72,4.13,6,22-07-2022 20:56:15
304,189280,Lodwar,KE,3.1191,35.5973,32.88,30,5.68,13,22-07-2022 20:56:16
305,157403,Kilosa,TZ,-6.8333,36.9833,26.39,41,3.94,65,22-07-2022 20:56:17
306,2426370,Umm Hājar,TD,13.2954,19.6966,31.76,45,0.36,100,22-07-2022 20:56:17
307,1224061,Wattegama,LK,6.7989,81.4808,31.24,56,3.91,100,22-07-2022 20:56:18
308,1260206,Pāsighāt,IN,28.0667,95.3333,26.45,90,0.74,100,22-07-2022 20:56:19
309,1067565,Beloha,MG,-25.1667,45.05,28.11,29,3.51,0,22-07-2022 20:56:20
310,1795857,Shaowu,CN,27.3409,117.4831,30.59,66,1.32,46,22-07-2022 20:56:20
311,2455290,Kidal,ML,18.4411,1.4078,37.48,21,4.98,39,22-07-2022 20:56:21
312,2306104,Accra,GH,5.556,-0.1969,27.23,65,3.6,20,22-07-2022 20:56:22
313,53654,Mogadishu,SO,2.0371,45.3438,24.93,78,7.2,75,22-07-2022 20:56:23
314,201521,Ruhengeri,RW,-1.4998,29.635,23.46,41,2.6,72,22-07-2022 20:56:23
315,3408368,Acaraú,BR,-2.8856,-40.12,26.68,69,5.56,73,22-07-2022 20:55:01
316,2409019,Gberia Fotombu,SL,9.8833,-11.1667,22.4,89,2.2,100,22-07-2022 20:56:25
317,3929611,San Jerónimo,PE,-11.9472,-75.2829,5.04,73,0.52,36,22-07-2022 20:56:25
318,178077,Wote,KE,-1.7808,37.6288,24.25,39,3.76,78,22-07-2022 20:56:26
319,1253237,Verāval,IN,20.9,70.3667,28.11,81,7.46,100,22-07-2022 20:56:27
320,1328121,Bogale,MM,16.2833,95.4,24.26,90,3.19,100,22-07-2022 20:56:29
321,3515484,Tlacolula,MX,16.9542,-96.4792,16.37,90,1.43,78,22-07-2022 20:56:29
322,3470871,Barão de Melgaço,BR,-16.1944,-55.9675,21.12,44,1.23,33,22-07-2022 20:56:30
323,3670745,Riohacha,CO,11.5444,-72.9072,26.01,83,5.78,25,22-07-2022 20:56:31
324,3662927,Pauini,BR,-7.7136,-66.9764,21.08,82,0.88,15,22-07-2022 20:56:32
325,3934707,Mollendo,PE,-17.0231,-72.0147,15.05,86,3.26,86,22-07-2022 20:56:33
326,3459495,Júlio de Castilhos,BR,-29.2269,-53.6817,15.33,93,3.18,54,22-07-2022 20:56:33
327,1154689,Ko Samui,TH,9.5357,99.9357,30.95,70,5.14,40,22-07-2022 20:56:34
328,1645528,Denpasar,ID,-8.65,115.2167,26.51,83,3.6,75,22-07-2022 20:56:35
329,2240449,Luanda,AO,-8.8368,13.2343,23.0,78,2.06,75,22-07-2022 20:56:35
330,1002145,George,ZA,-33.963,22.4617,18.75,52,2.57,0,22-07-2022 20:56:36
331,209598,Manono,CD,-7.3,27.4167,34.23,22,3.8,9,22-07-2022 20:56:37
332,1850523,Tateyama,JP,34.9833,139.8667,27.28,89,9.51,6,22-07-2022 20:56:38
333,1181022,Chhor,PK,25.5167,69.7667,34.96,52,7.15,100,22-07-2022 20:56:39
334,2224827,Ngaoundéré,CM,7.3167,13.5833,22.94,73,0.0,75,22-07-2022 20:56:40
335,3384937,Miracema do Tocantins,BR,-9.5618,-48.3967,25.22,41,2.43,62,22-07-2022 20:56:40
336,1735106,George Town,MY,5.4112,100.3354,30.01,78,4.12,20,22-07-2022 20:56:41
337,3463939,Espinosa,BR,-14.9261,-42.8192,19.25,74,2.88,1,22-07-2022 20:56:42
338,3939168,Huarmey,PE,-10.0681,-78.1522,15.92,86,3.04,66,22-07-2022 20:56:42
339,1626493,Srandakan,ID,-7.9386,110.2506,25.16,78,4.88,80,22-07-2022 20:56:43
340,3996426,Matamoros,MX,25.5333,-103.25,23.62,58,1.22,92,22-07-2022 20:56:44
341,377472,Bentiu,SS,9.2333,29.8333,31.61,50,2.02,13,22-07-2022 20:56:45
342,330120,NEDJO,ET,9.5046,35.5019,19.44,86,1.67,71,22-07-2022 20:56:45
343,1633070,Palembang,ID,-2.9167,104.7458,27.05,78,1.54,75,22-07-2022 20:53:08
344,2318123,Yenagoa,NG,4.9247,6.2642,29.19,60,2.35,95,22-07-2022 20:56:47
345,2446267,Dakoro,NE,14.5106,6.765,32.88,40,3.03,100,22-07-2022 20:56:47
346,3902377,La Santisima Trinidad,BO,-14.8333,-64.9,18.99,94,1.54,0,22-07-2022 20:56:48
347,2281120,Tabou,CI,4.423,-7.3528,27.0,58,3.38,84,22-07-2022 20:56:49
348,4315067,Ascension,US,30.2169,-90.9001,23.27,95,2.04,20,22-07-2022 20:56:49
349,3723779,Jacmel,HT,18.2342,-72.5347,25.91,77,1.56,95,22-07-2022 20:56:50
350,3452712,Porto Murtinho,BR,-21.6989,-57.8825,20.23,53,2.45,24,22-07-2022 20:56:51
351,1185239,Sarankhola,BD,22.3082,89.7897,30.02,73,4.11,100,22-07-2022 20:56:52
352,3402621,Casa Nova,BR,-9.4167,-41.1333,22.26,70,8.9,65,22-07-2022 20:56:52
353,893549,Chipinge,ZW,-20.1883,32.6236,21.59,34,3.78,14,22-07-2022 20:56:53
354,924732,Nkhata Bay,MW,-11.6066,34.2907,24.08,50,2.37,3,22-07-2022 20:56:54
355,3985241,San Nicolás de los Garza,MX,25.75,-100.3,25.03,79,1.8,1,22-07-2022 20:56:55
356,3927942,Tambopata,PE,-12.7333,-69.1833,20.54,73,0.8,26,22-07-2022 20:56:55
357,3359736,Vredendal,ZA,-31.6683,18.5012,20.31,31,3.29,91,22-07-2022 20:56:56
358,3395981,Maceió,BR,-9.6658,-35.7353,23.69,88,2.06,75,22-07-2022 20:53:51
359,1800163,Nanchang,CN,28.6833,115.8833,34.11,56,2.98,60,22-07-2022 20:56:57
360,913323,Kaoma,ZM,-14.7833,24.8,26.92,25,3.58,13,22-07-2022 20:56:58
361,3448903,São João da Barra,BR,-21.6403,-41.0511,20.05,85,2.68,10,22-07-2022 20:56:59
362,3369174,Calvinia,ZA,-31.4707,19.776,20.61,27,8.04,37,22-07-2022 20:56:59
363,3893726,Constitución,CL,-35.3333,-72.4167,10.6,80,2.42,69,22-07-2022 20:57:00
364,352733,Marsá Maţrūḩ,EG,31.3525,27.2453,29.41,48,6.68,0,22-07-2022 20:57:01
365,3175096,Laas,IT,46.6166,10.7002,29.65,46,2.01,2,22-07-2022 20:57:02
366,5117949,Freeport,US,40.6576,-73.5832,25.32,72,0.45,0,22-07-2022 20:57:02
367,3451138,Rio Grande,BR,-32.035,-52.0986,14.06,99,2.14,100,22-07-2022 20:54:28
368,3467272,Capim Grosso,BR,-11.3811,-40.0128,18.8,90,3.66,100,22-07-2022 20:57:04
369,1175296,Kalat,PK,29.0225,66.5916,30.36,25,7.43,96,22-07-2022 20:57:04
370,3698141,Chota,PE,-6.55,-78.65,10.06,89,1.7,64,22-07-2022 20:57:05
371,3351663,Benguela,AO,-12.5763,13.4055,24.42,66,3.71,11,22-07-2022 20:57:06
372,921906,Domoni,KM,-12.2569,44.5319,24.83,70,1.31,65,22-07-2022 20:57:06
373,1005040,Eshowe,ZA,-28.8865,31.4699,23.88,36,4.05,0,22-07-2022 20:57:07
374,3673126,Palocabildo,CO,5.1171,-75.0173,14.82,90,2.0,100,22-07-2022 20:57:08
375,215668,Kabalo,CD,-6.05,26.9167,34.77,21,3.79,37,22-07-2022 20:57:09
376,2319133,Warri,NG,5.5167,5.75,28.87,61,3.24,98,22-07-2022 20:57:09
377,3351014,Camacupa,AO,-12.0167,17.4833,26.71,21,2.55,3,22-07-2022 20:57:10
378,3671497,Puerto Colombia,CO,10.9878,-74.9547,25.05,90,4.06,79,22-07-2022 20:57:11
379,3870243,Taltal,CL,-25.4,-70.4833,13.52,84,0.68,62,22-07-2022 20:57:12
380,1283679,Banepā,NP,27.6298,85.5214,24.18,78,0.0,75,22-07-2022 20:57:13
381,3382160,Cayenne,GF,4.9333,-52.3333,25.05,1,0.0,100,22-07-2022 20:57:14
382,2455216,Kita,ML,13.0349,-9.4895,28.09,67,3.04,92,22-07-2022 20:57:14
383,3571913,Marsh Harbour,BS,26.5412,-77.0636,28.06,74,5.85,0,22-07-2022 20:57:15
384,4565090,Guánica,PR,17.9716,-66.908,26.05,81,4.36,97,22-07-2022 20:55:04
385,245669,Adré,TD,13.4667,22.2,31.51,39,1.48,64,22-07-2022 20:57:16
386,207570,Mwene-Ditu,CD,-7.0,23.45,31.87,24,3.3,72,22-07-2022 20:57:17
387,2319257,Wamba,NG,8.9333,8.6,24.73,86,2.28,100,22-07-2022 20:57:18
388,1254709,Tezu,IN,27.9167,96.1667,26.39,86,0.63,100,22-07-2022 20:57:19
389,915471,Kalabo,ZM,-14.97,22.6814,28.07,24,4.06,19,22-07-2022 20:57:19
390,1039536,Maxixe,MZ,-23.8597,35.3472,24.91,69,3.13,75,22-07-2022 20:57:20
391,2093846,Kiunga,PG,-6.1219,141.2906,24.07,91,0.86,41,22-07-2022 20:57:21
392,2303611,Esim,GH,4.8699,-2.2405,26.25,65,2.83,93,22-07-2022 20:54:06
393,2450173,Taoudenni,ML,22.6783,-3.9836,39.09,25,3.34,7,22-07-2022 20:57:22
394,235191,Amudat,UG,1.95,34.95,26.99,43,1.03,71,22-07-2022 20:57:23
395,1040652,Maputo,MZ,-25.9653,32.5892,18.82,88,1.54,75,22-07-2022 20:54:59
396,1801850,Luorong,CN,24.4058,109.6086,30.84,71,1.74,15,22-07-2022 20:57:24
397,1082243,Ambilobe,MG,-13.2,49.05,30.73,30,5.46,8,22-07-2022 20:57:25
398,3461425,Ilhabela,BR,-23.7781,-45.3581,20.08,75,1.28,11,22-07-2022 20:52:58
399,3841956,Paraná,AR,-31.732,-60.5238,12.33,95,0.0,98,22-07-2022 20:57:26
400,964406,Port Shepstone,ZA,-30.7414,30.455,21.74,67,8.13,0,22-07-2022 20:55:58
401,1642773,Japura,ID,-0.3167,102.35,25.32,93,1.29,94,22-07-2022 20:57:28
402,3386177,Trairi,BR,-3.2778,-39.2689,26.16,72,4.42,90,22-07-2022 20:52:33
403,1265053,Lar,IN,26.2039,83.9717,33.55,56,3.18,100,22-07-2022 20:57:29
404,218680,Boende,CD,-0.2167,20.8667,31.04,55,1.46,94,22-07-2022 20:57:30
405,287286,Muscat,OM,23.6139,58.5922,33.11,67,3.7,10,22-07-2022 20:57:31
406,1215502,Banda Aceh,ID,5.5577,95.3222,28.87,71,4.76,100,22-07-2022 20:55:03
407,1006984,East London,ZA,-33.0153,27.9116,21.52,52,1.03,0,22-07-2022 20:57:32
408,3403687,Camocim,BR,-2.9022,-40.8411,26.02,70,4.13,43,22-07-2022 20:57:33
409,102527,Sakakah,SA,29.9697,40.2064,41.76,10,0.56,5,22-07-2022 20:57:34
410,110690,Abhā,SA,18.2164,42.5053,28.14,37,4.12,40,22-07-2022 20:57:35
411,3397898,Itaporanga,BR,-7.3044,-38.1503,23.19,64,4.7,72,22-07-2022 20:57:35
412,3904906,Santa Cruz de la Sierra,BO,-17.8,-63.1667,20.03,83,3.6,75,22-07-2022 20:54:07
413,3464891,Curvelo,BR,-18.7564,-44.4308,18.41,64,2.44,11,22-07-2022 20:56:47
414,2447513,Arlit,NE,18.7369,7.3853,39.67,12,3.62,87,22-07-2022 20:57:36
415,5546220,Saint George,US,37.1041,-113.5841,30.6,25,3.6,0,22-07-2022 20:55:57
416,2514651,Los Llanos de Aridane,ES,28.6585,-17.9182,23.96,78,7.2,75,22-07-2022 20:57:38
417,1272902,Dhanwār,IN,24.4167,85.9833,30.97,62,5.53,100,22-07-2022 20:57:39
418,3513563,Kralendijk,BQ,12.15,-68.2667,27.06,84,10.0,7,22-07-2022 20:57:40
419,1651103,Atambua,ID,-9.1061,124.8925,21.21,72,1.54,81,22-07-2022 20:57:40
420,3407367,Aracoiaba,BR,-4.3711,-38.8142,23.96,78,3.54,70,22-07-2022 20:57:41
421,1265555,Kuppam,IN,12.75,78.3667,28.57,56,3.13,100,22-07-2022 20:53:10
422,2425791,Kibala,TD,9.1104,18.3463,22.97,94,4.12,20,22-07-2022 20:57:42
423,3662252,São Paulo de Olivença,BR,-3.3783,-68.8725,21.1,99,0.99,40,22-07-2022 20:57:43
424,2381334,Atar,MR,20.5169,-13.0499,33.88,38,1.07,25,22-07-2022 20:57:44
425,3577430,Road Town,VG,18.4167,-64.6167,27.79,76,9.26,45,22-07-2022 20:54:38
426,1275641,Bilāsipāra,IN,26.232,90.2347,29.72,76,5.01,90,22-07-2022 20:57:45
427,2239862,Malanje,AO,-9.5402,16.341,29.88,21,2.91,15,22-07-2022 20:54:18
428,3522880,Mundo Nuevo (Ojo de Agua),MX,18.7,-95.5,25.74,81,1.74,29,22-07-2022 20:57:47
429,212902,Kindu,CD,-2.95,25.95,35.28,26,1.88,98,22-07-2022 20:57:47
430,1795565,Shenzhen,CN,22.5455,114.0683,32.3,74,3.67,4,22-07-2022 20:57:48
431,3832791,Villa Carlos Paz,AR,-31.4241,-64.4978,6.88,74,0.33,0,22-07-2022 20:57:49
432,1727698,Baluyot,PH,15.8017,120.4621,28.33,79,1.71,81,22-07-2022 20:57:50
433,1278923,Amānganj,IN,24.4333,80.0333,31.41,61,2.58,100,22-07-2022 20:57:51
434,1687894,Santa Rosa,PH,14.3122,121.1114,29.06,80,3.82,14,22-07-2022 20:57:08
435,3461724,Gurupi,BR,-11.7292,-49.0686,24.6,41,4.04,88,22-07-2022 20:57:52
436,347634,Ţahţā,EG,26.7693,31.5021,37.53,12,8.99,1,22-07-2022 20:57:53
437,187896,Mandera,KE,3.9366,41.867,31.19,35,9.03,74,22-07-2022 20:57:53
438,3690572,Acandí,CO,8.5063,-77.2778,23.89,95,1.5,99,22-07-2022 20:57:54
439,4301317,Morehead,US,37.2711,-87.1764,18.66,99,0.0,0,22-07-2022 20:55:47
440,1053384,Toamasina,MG,-18.1667,49.3833,25.0,65,5.14,40,22-07-2022 20:57:55
441,3443061,Chui,UY,-33.6971,-53.4616,12.59,90,1.29,91,22-07-2022 20:57:56
442,3356213,Khorixas,NA,-20.3667,14.9667,26.93,20,5.24,0,22-07-2022 20:57:57
443,3579925,St. George's,GD,12.0564,-61.7485,26.82,83,4.63,20,22-07-2022 20:57:57
444,157738,Kigoma,TZ,-4.8769,29.6267,27.04,43,4.24,5,22-07-2022 20:57:58
445,3836669,San Rafael,AR,-34.6177,-68.3301,8.94,37,3.38,58,22-07-2022 20:55:51
446,3663495,Manoel Urbano,BR,-8.8389,-69.2597,19.65,75,0.61,55,22-07-2022 20:58:00
447,997140,Heilbron,ZA,-27.2812,27.9709,17.74,29,3.0,6,22-07-2022 20:58:01
448,3446445,Timóteo,BR,-19.5825,-42.6444,15.48,72,0.43,12,22-07-2022 20:58:01
449,3531368,Celestún,MX,20.8667,-90.4,25.15,83,3.86,35,22-07-2022 20:58:02
450,86049,Jalu,LY,29.0331,21.5482,33.39,19,5.44,0,22-07-2022 20:58:03
451,1271215,Gīdam,IN,18.9833,81.4,26.11,89,3.73,96,22-07-2022 20:58:03
452,1640660,Gondanglegi,ID,-7.7479,112.0132,24.31,78,5.96,52,22-07-2022 20:58:04
453,1295765,Sittwe,MM,20.15,92.9,28.27,80,4.69,93,22-07-2022 20:58:05
454,3457135,Miracatu,BR,-24.2814,-47.4597,18.64,79,0.75,63,22-07-2022 20:58:06
455,3403251,Canto do Buriti,BR,-8.11,-42.9444,24.32,56,4.29,62,22-07-2022 20:58:06
456,1269581,Jagatsinghapur,IN,20.2667,86.1667,29.2,77,1.07,100,22-07-2022 20:58:07
457,1790840,Wuzhou,CN,23.4833,111.3167,30.79,68,1.08,2,22-07-2022 20:58:08
458,1168312,Pasni,PK,25.2631,63.471,28.98,81,5.46,60,22-07-2022 20:58:09
459,160677,Chake Chake,TZ,-5.2459,39.7666,26.98,58,5.05,22,22-07-2022 20:58:09
460,1735902,Sibu,MY,2.3,111.8167,27.85,83,2.68,40,22-07-2022 20:58:10
461,2396646,Oyem,GA,1.5995,11.5793,24.67,71,1.52,95,22-07-2022 20:58:11
462,3653523,Palora,EC,-1.7,-77.9333,18.3,75,0.62,100,22-07-2022 20:58:11
463,1856068,Nago,JP,26.5881,127.9761,30.24,86,4.2,6,22-07-2022 20:58:12
464,921786,Mitsamiouli,KM,-11.3847,43.2844,28.16,61,5.14,20,22-07-2022 20:58:13
465,2276492,Harper,LR,4.375,-7.7169,26.93,60,3.71,90,22-07-2022 20:58:14
466,2083537,Wewak,PG,-3.5534,143.6268,27.07,80,1.88,7,22-07-2022 20:58:14
467,1269093,Jaynagar,IN,26.5833,86.15,33.57,55,6.82,100,22-07-2022 20:58:15
468,1787837,Xucheng,CN,20.35,110.1288,29.4,75,5.6,9,22-07-2022 20:58:16
